-- phpMyAdmin SQL Dump
-- version 4.7.4
-- https://www.phpmyadmin.net/
--
-- Host: 127.0.0.1
-- Generation Time: Jan 20, 2018 at 11:38 AM
-- Server version: 10.1.29-MariaDB
-- PHP Version: 7.2.0

SET SQL_MODE = "NO_AUTO_VALUE_ON_ZERO";
SET AUTOCOMMIT = 0;
START TRANSACTION;
SET time_zone = "+00:00";


/*!40101 SET @OLD_CHARACTER_SET_CLIENT=@@CHARACTER_SET_CLIENT */;
/*!40101 SET @OLD_CHARACTER_SET_RESULTS=@@CHARACTER_SET_RESULTS */;
/*!40101 SET @OLD_COLLATION_CONNECTION=@@COLLATION_CONNECTION */;
/*!40101 SET NAMES utf8mb4 */;

--
-- Database: `hore-advanced`
--

-- --------------------------------------------------------

--
-- Table structure for table `migration`
--

CREATE TABLE `migration` (
  `version` varchar(180) NOT NULL,
  `apply_time` int(11) DEFAULT NULL
) ENGINE=InnoDB DEFAULT CHARSET=latin1;

--
-- Dumping data for table `migration`
--

INSERT INTO `migration` (`version`, `apply_time`) VALUES
('m000000_000000_base', 1516267421),
('m130524_201442_init', 1516267429),
('m180118_153128_create_tbl_kelas_tahun_ajaran_table', 1516289566),
('m180118_153309_create_tbl_siswa_kelas_tahun_ajaran_table', 1516289607);

-- --------------------------------------------------------

--
-- Table structure for table `tbl_comment`
--

CREATE TABLE `tbl_comment` (
  `id` int(11) NOT NULL,
  `name` varchar(50) NOT NULL,
  `message` text NOT NULL
) ENGINE=InnoDB DEFAULT CHARSET=latin1;

--
-- Dumping data for table `tbl_comment`
--

INSERT INTO `tbl_comment` (`id`, `name`, `message`) VALUES
(1, 'yoyo', 'bismillah'),
(2, 'kulo', 'alhamdulillah');

-- --------------------------------------------------------

--
-- Table structure for table `tbl_data_induk_siswa`
--

CREATE TABLE `tbl_data_induk_siswa` (
  `id` int(11) NOT NULL,
  `nis` int(11) NOT NULL,
  `nama` varchar(255) NOT NULL,
  `alamat` varchar(255) NOT NULL,
  `tempat_lahir` varchar(255) NOT NULL,
  `tanggal_lahir` date NOT NULL,
  `nama_ortu` varchar(255) NOT NULL,
  `tahun_masuk` int(11) NOT NULL,
  `created_at` datetime DEFAULT NULL,
  `updated_at` datetime DEFAULT NULL,
  `created_by` int(11) NOT NULL,
  `updated_by` int(11) NOT NULL
) ENGINE=InnoDB DEFAULT CHARSET=latin1;

--
-- Dumping data for table `tbl_data_induk_siswa`
--

INSERT INTO `tbl_data_induk_siswa` (`id`, `nis`, `nama`, `alamat`, `tempat_lahir`, `tanggal_lahir`, `nama_ortu`, `tahun_masuk`, `created_at`, `updated_at`, `created_by`, `updated_by`) VALUES
(1, 1234, 'Alvaro Gabriel', 'Jetak Kedungdowo ', 'Kudus', '1995-03-18', 'Alhamdulillah', 2013, '2018-01-19 01:37:53', '2018-01-19 01:39:38', 1, 1),
(2, 1235, 'Sutejo', 'Kaliwungu Kudus', 'Kudus', '1994-11-22', 'Bakir', 2014, '2018-01-20 16:18:13', '2018-01-20 16:18:13', 1, 1);

-- --------------------------------------------------------

--
-- Table structure for table `tbl_kelas`
--

CREATE TABLE `tbl_kelas` (
  `id` int(11) NOT NULL,
  `nama` varchar(50) NOT NULL,
  `created_at` datetime DEFAULT NULL,
  `updated_at` datetime DEFAULT NULL,
  `created_by` int(11) NOT NULL,
  `updated_by` int(11) NOT NULL
) ENGINE=InnoDB DEFAULT CHARSET=latin1;

--
-- Dumping data for table `tbl_kelas`
--

INSERT INTO `tbl_kelas` (`id`, `nama`, `created_at`, `updated_at`, `created_by`, `updated_by`) VALUES
(1, 'X-1', '2018-01-19 00:20:42', '2018-01-19 00:20:42', 1, 1),
(2, 'X-2', '2018-01-19 17:13:07', '2018-01-19 17:13:07', 1, 1),
(3, 'XI-1', '2018-01-20 16:15:17', '2018-01-20 16:15:17', 1, 1),
(4, 'XI-2', '2018-01-20 16:15:28', '2018-01-20 16:15:28', 1, 1),
(5, 'XII-1', '2018-01-20 16:15:41', '2018-01-20 16:15:41', 1, 1),
(6, 'XII-2', '2018-01-20 16:15:51', '2018-01-20 16:15:51', 1, 1);

-- --------------------------------------------------------

--
-- Table structure for table `tbl_kelas_tahun_ajaran`
--

CREATE TABLE `tbl_kelas_tahun_ajaran` (
  `id` int(11) NOT NULL,
  `id_tahun_ajaran` int(11) NOT NULL,
  `id_kelas` int(11) NOT NULL,
  `created_at` datetime DEFAULT NULL,
  `updated_by` int(11) NOT NULL,
  `created_by` int(11) NOT NULL,
  `updated_at` datetime DEFAULT NULL
) ENGINE=InnoDB DEFAULT CHARSET=latin1;

--
-- Dumping data for table `tbl_kelas_tahun_ajaran`
--

INSERT INTO `tbl_kelas_tahun_ajaran` (`id`, `id_tahun_ajaran`, `id_kelas`, `created_at`, `updated_by`, `created_by`, `updated_at`) VALUES
(1, 1, 1, '2018-01-19 02:12:51', 1, 1, '2018-01-19 02:12:51'),
(2, 2, 1, '2018-01-19 02:33:54', 1, 1, '2018-01-19 02:33:54'),
(4, 3, 1, '2018-01-20 16:16:08', 1, 1, '2018-01-20 16:16:08'),
(5, 1, 2, '2018-01-20 16:16:22', 1, 1, '2018-01-20 16:16:22'),
(6, 1, 4, '2018-01-20 16:16:38', 1, 1, '2018-01-20 16:16:38'),
(7, 1, 3, '2018-01-20 16:17:01', 1, 1, '2018-01-20 16:17:01');

-- --------------------------------------------------------

--
-- Table structure for table `tbl_siswa_kelas_tahun_ajaran`
--

CREATE TABLE `tbl_siswa_kelas_tahun_ajaran` (
  `id` int(11) NOT NULL,
  `id_data_induk_siswa` int(11) NOT NULL,
  `id_kelas_tahun_ajaran` int(11) NOT NULL,
  `created_at` datetime DEFAULT NULL,
  `updated_at` datetime DEFAULT NULL,
  `created_by` int(11) NOT NULL,
  `updated_by` int(11) NOT NULL
) ENGINE=InnoDB DEFAULT CHARSET=latin1;

--
-- Dumping data for table `tbl_siswa_kelas_tahun_ajaran`
--

INSERT INTO `tbl_siswa_kelas_tahun_ajaran` (`id`, `id_data_induk_siswa`, `id_kelas_tahun_ajaran`, `created_at`, `updated_at`, `created_by`, `updated_by`) VALUES
(1, 1, 1, '2018-01-20 15:07:57', '2018-01-20 15:07:57', 1, 1);

-- --------------------------------------------------------

--
-- Table structure for table `tbl_tahun_ajaran`
--

CREATE TABLE `tbl_tahun_ajaran` (
  `id` int(11) NOT NULL,
  `nama` varchar(50) NOT NULL,
  `created_at` datetime DEFAULT NULL,
  `updated_at` datetime DEFAULT NULL,
  `created_by` int(11) NOT NULL,
  `updated_by` int(11) NOT NULL
) ENGINE=InnoDB DEFAULT CHARSET=latin1;

--
-- Dumping data for table `tbl_tahun_ajaran`
--

INSERT INTO `tbl_tahun_ajaran` (`id`, `nama`, `created_at`, `updated_at`, `created_by`, `updated_by`) VALUES
(1, '2013-2014', '2018-01-19 01:22:39', '2018-01-19 01:22:39', 1, 1),
(2, '2014-2015', '2018-01-19 01:23:14', '2018-01-19 01:23:14', 1, 1),
(3, '2015-2016', '2018-01-20 15:16:34', '2018-01-20 15:16:34', 1, 1);

-- --------------------------------------------------------

--
-- Table structure for table `user`
--

CREATE TABLE `user` (
  `id` int(11) NOT NULL,
  `username` varchar(255) COLLATE utf8_unicode_ci NOT NULL,
  `auth_key` varchar(32) COLLATE utf8_unicode_ci NOT NULL,
  `password_hash` varchar(255) COLLATE utf8_unicode_ci NOT NULL,
  `password_reset_token` varchar(255) COLLATE utf8_unicode_ci DEFAULT NULL,
  `email` varchar(255) COLLATE utf8_unicode_ci NOT NULL,
  `status` smallint(6) NOT NULL DEFAULT '10',
  `created_at` int(11) NOT NULL,
  `updated_at` int(11) NOT NULL
) ENGINE=InnoDB DEFAULT CHARSET=utf8 COLLATE=utf8_unicode_ci;

--
-- Dumping data for table `user`
--

INSERT INTO `user` (`id`, `username`, `auth_key`, `password_hash`, `password_reset_token`, `email`, `status`, `created_at`, `updated_at`) VALUES
(1, 'heru', 'OdKzibUTkCI4PxATozsGzbPbFRu7x4Gu', '$2y$13$Rw31YrTwCeM5WYNklsWt1u1/8cTnQdMvwSeq0EG5fJIIbZK1mYu7u', NULL, 'herumacos@gmail.com', 10, 1516267443, 1516267443);

--
-- Indexes for dumped tables
--

--
-- Indexes for table `migration`
--
ALTER TABLE `migration`
  ADD PRIMARY KEY (`version`);

--
-- Indexes for table `tbl_comment`
--
ALTER TABLE `tbl_comment`
  ADD PRIMARY KEY (`id`);

--
-- Indexes for table `tbl_data_induk_siswa`
--
ALTER TABLE `tbl_data_induk_siswa`
  ADD PRIMARY KEY (`id`),
  ADD KEY `idx-tbl_data_induk_siswa-created_by` (`created_by`),
  ADD KEY `idx-tbl_data_induk_siswa-updated_by` (`updated_by`);

--
-- Indexes for table `tbl_kelas`
--
ALTER TABLE `tbl_kelas`
  ADD PRIMARY KEY (`id`),
  ADD KEY `idx-tbl_kelas-created_by` (`created_by`);

--
-- Indexes for table `tbl_kelas_tahun_ajaran`
--
ALTER TABLE `tbl_kelas_tahun_ajaran`
  ADD PRIMARY KEY (`id`),
  ADD KEY `idx-tbl_kelas_tahun_ajaran-id_tahun_ajaran` (`id_tahun_ajaran`),
  ADD KEY `idx-tbl_kelas_tahun_ajaran-id_kelas` (`id_kelas`),
  ADD KEY `idx-tbl_kelas_tahun_ajaran-created_by` (`created_by`),
  ADD KEY `idx-tbl_kelas_tahun_ajaran-updated_at` (`updated_by`);

--
-- Indexes for table `tbl_siswa_kelas_tahun_ajaran`
--
ALTER TABLE `tbl_siswa_kelas_tahun_ajaran`
  ADD PRIMARY KEY (`id`),
  ADD KEY `idx-tbl_siswa_kelas_tahun_ajaran-id_data_induk_siswa` (`id_data_induk_siswa`),
  ADD KEY `idx-tbl_siswa_kelas_tahun_ajaran-id_kelas_tahun_ajaran` (`id_kelas_tahun_ajaran`),
  ADD KEY `idx-tbl_siswa_kelas_tahun_ajaran-created_by` (`created_by`),
  ADD KEY `idx-tbl_siswa_kelas_tahun_ajaran-updated_by` (`updated_by`);

--
-- Indexes for table `tbl_tahun_ajaran`
--
ALTER TABLE `tbl_tahun_ajaran`
  ADD PRIMARY KEY (`id`),
  ADD KEY `idx-tbl_tahun_ajaran-created_by` (`created_by`),
  ADD KEY `idx-tbl_tahun_ajaran-updated_by` (`updated_by`);

--
-- Indexes for table `user`
--
ALTER TABLE `user`
  ADD PRIMARY KEY (`id`),
  ADD UNIQUE KEY `username` (`username`),
  ADD UNIQUE KEY `email` (`email`),
  ADD UNIQUE KEY `password_reset_token` (`password_reset_token`);

--
-- AUTO_INCREMENT for dumped tables
--

--
-- AUTO_INCREMENT for table `tbl_comment`
--
ALTER TABLE `tbl_comment`
  MODIFY `id` int(11) NOT NULL AUTO_INCREMENT, AUTO_INCREMENT=3;

--
-- AUTO_INCREMENT for table `tbl_data_induk_siswa`
--
ALTER TABLE `tbl_data_induk_siswa`
  MODIFY `id` int(11) NOT NULL AUTO_INCREMENT, AUTO_INCREMENT=3;

--
-- AUTO_INCREMENT for table `tbl_kelas`
--
ALTER TABLE `tbl_kelas`
  MODIFY `id` int(11) NOT NULL AUTO_INCREMENT, AUTO_INCREMENT=7;

--
-- AUTO_INCREMENT for table `tbl_kelas_tahun_ajaran`
--
ALTER TABLE `tbl_kelas_tahun_ajaran`
  MODIFY `id` int(11) NOT NULL AUTO_INCREMENT, AUTO_INCREMENT=8;

--
-- AUTO_INCREMENT for table `tbl_siswa_kelas_tahun_ajaran`
--
ALTER TABLE `tbl_siswa_kelas_tahun_ajaran`
  MODIFY `id` int(11) NOT NULL AUTO_INCREMENT, AUTO_INCREMENT=2;

--
-- AUTO_INCREMENT for table `tbl_tahun_ajaran`
--
ALTER TABLE `tbl_tahun_ajaran`
  MODIFY `id` int(11) NOT NULL AUTO_INCREMENT, AUTO_INCREMENT=4;

--
-- AUTO_INCREMENT for table `user`
--
ALTER TABLE `user`
  MODIFY `id` int(11) NOT NULL AUTO_INCREMENT, AUTO_INCREMENT=2;

--
-- Constraints for dumped tables
--

--
-- Constraints for table `tbl_data_induk_siswa`
--
ALTER TABLE `tbl_data_induk_siswa`
  ADD CONSTRAINT `fk-tbl_data_induk_siswa-created_by` FOREIGN KEY (`created_by`) REFERENCES `user` (`id`) ON DELETE CASCADE,
  ADD CONSTRAINT `fk-tbl_data_induk_siswa-updated_by` FOREIGN KEY (`updated_by`) REFERENCES `user` (`id`) ON DELETE CASCADE;

--
-- Constraints for table `tbl_kelas_tahun_ajaran`
--
ALTER TABLE `tbl_kelas_tahun_ajaran`
  ADD CONSTRAINT `fk-tbl_kelas_tahun_ajaran-created_by` FOREIGN KEY (`created_by`) REFERENCES `user` (`id`) ON DELETE CASCADE,
  ADD CONSTRAINT `fk-tbl_kelas_tahun_ajaran-id_kelas` FOREIGN KEY (`id_kelas`) REFERENCES `tbl_kelas` (`id`) ON DELETE CASCADE,
  ADD CONSTRAINT `fk-tbl_kelas_tahun_ajaran-id_tahun_ajaran` FOREIGN KEY (`id_tahun_ajaran`) REFERENCES `tbl_tahun_ajaran` (`id`) ON DELETE CASCADE,
  ADD CONSTRAINT `fk-tbl_kelas_tahun_ajaran-updated_at` FOREIGN KEY (`updated_by`) REFERENCES `user` (`id`) ON DELETE CASCADE;

--
-- Constraints for table `tbl_siswa_kelas_tahun_ajaran`
--
ALTER TABLE `tbl_siswa_kelas_tahun_ajaran`
  ADD CONSTRAINT `fk-tbl_siswa_kelas_tahun_ajaran-created_by` FOREIGN KEY (`created_by`) REFERENCES `user` (`id`) ON DELETE CASCADE,
  ADD CONSTRAINT `fk-tbl_siswa_kelas_tahun_ajaran-id_data_induk_siswa` FOREIGN KEY (`id_data_induk_siswa`) REFERENCES `tbl_data_induk_siswa` (`id`) ON DELETE CASCADE,
  ADD CONSTRAINT `fk-tbl_siswa_kelas_tahun_ajaran-id_kelas_tahun_ajaran` FOREIGN KEY (`id_kelas_tahun_ajaran`) REFERENCES `tbl_kelas_tahun_ajaran` (`id`) ON DELETE CASCADE,
  ADD CONSTRAINT `fk-tbl_siswa_kelas_tahun_ajaran-updated_by` FOREIGN KEY (`updated_by`) REFERENCES `user` (`id`) ON DELETE CASCADE;

--
-- Constraints for table `tbl_tahun_ajaran`
--
ALTER TABLE `tbl_tahun_ajaran`
  ADD CONSTRAINT `fk-tbl_tahun_ajaran-created_by` FOREIGN KEY (`created_by`) REFERENCES `user` (`id`) ON DELETE CASCADE,
  ADD CONSTRAINT `fk-tbl_tahun_ajaran-updated_by` FOREIGN KEY (`updated_by`) REFERENCES `user` (`id`) ON DELETE CASCADE;
COMMIT;

/*!40101 SET CHARACTER_SET_CLIENT=@OLD_CHARACTER_SET_CLIENT */;
/*!40101 SET CHARACTER_SET_RESULTS=@OLD_CHARACTER_SET_RESULTS */;
/*!40101 SET COLLATION_CONNECTION=@OLD_COLLATION_CONNECTION */;
